CountryName,RegionName,Date,PredictedDailyNewCases
Aruba,,2020-08-01,265.9029850746269
Aruba,,2020-08-02,293.048309178744
Aruba,,2020-08-03,298.4912099276112
Aruba,,2020-08-04,314.4155844155844
Afghanistan,,2020-08-01,403.5917602996255
Afghanistan,,2020-08-02,437.03816046966733
Afghanistan,,2020-08-03,455.265306122449
Afghanistan,,2020-08-04,510.7369246861925
Angola,,2020-08-01,388.89102564102564
Angola,,2020-08-02,403.5917602996255
Angola,,2020-08-03,400.1142857142857
Angola,,2020-08-04,403.625748502994
Albania,,2020-08-01,700.9027921406412
Albania,,2020-08-02,695.1678723404256
Albania,,2020-08-03,706.728813559322
Albania,,2020-08-04,703.9069325735992
Andorra,,2020-08-01,246.42424242424244
Andorra,,2020-08-02,367.6505248899424
Andorra,,2020-08-03,394.19562575941677
Andorra,,2020-08-04,398.2300650445676
United Arab Emirates,,2020-08-01,1302.3832258064517
United Arab Emirates,,2020-08-02,1241.846027846028
United Arab Emirates,,2020-08-03,1358.9042294603792
United Arab Emirates,,2020-08-04,1320.5124378109454
Argentina,,2020-08-01,8954.0
Argentina,,2020-08-02,9000.058823529413
Argentina,,2020-08-03,9074.391304347826
Argentina,,2020-08-04,7691.0
Australia,,2020-08-01,266.12988826815644
Australia,,2020-08-02,298.32598714416895
Australia,,2020-08-03,330.64998536728126
Australia,,2020-08-04,327.34122287968444
Austria,,2020-08-01,5800.772241992882
Austria,,2020-08-02,6312.790697674419
Austria,,2020-08-03,5858.476190476191
Austria,,2020-08-04,5603.133403361345
Azerbaijan,,2020-08-01,2474.945054945055
Azerbaijan,,2020-08-02,2520.5945171849426
Azerbaijan,,2020-08-03,2235.1178144564597
Azerbaijan,,2020-08-04,2529.43358568479
Burundi,,2020-08-01,229.79013062409288
Burundi,,2020-08-02,221.2603021978022
Burundi,,2020-08-03,251.12084063047286
Burundi,,2020-08-04,266.4797794117647
Belgium,,2020-08-01,2184.831447049313
Belgium,,2020-08-02,2077.461811722913
Belgium,,2020-08-03,1854.7531914893616
Belgium,,2020-08-04,1403.3802395209582
Benin,,2020-08-01,208.8
Benin,,2020-08-02,217.74255319148935
Benin,,2020-08-03,214.5266742338252
Benin,,2020-08-04,214.5266742338252
Burkina Faso,,2020-08-01,268.6650717703349
Burkina Faso,,2020-08-02,268.6650717703349
Burkina Faso,,2020-08-03,293.048309178744
Burkina Faso,,2020-08-04,293.05183199285074
Bangladesh,,2020-08-01,1901.543984962406
Bangladesh,,2020-08-02,1929.8266357845976
Bangladesh,,2020-08-03,1832.853708323883
Bangladesh,,2020-08-04,1799.419417475728
Bulgaria,,2020-08-01,3040.9253246753246
Bulgaria,,2020-08-02,2600.6863636363637
Bulgaria,,2020-08-03,2384.159174649963
Bulgaria,,2020-08-04,2166.0121225010635
Bahrain,,2020-08-01,383.5139664804469
Bahrain,,2020-08-02,404.97297297297297
Bahrain,,2020-08-03,400.3333333333333
Bahrain,,2020-08-04,412.78814382896013
Bosnia and Herzegovina,,2020-08-01,1273.9642857142858
Bosnia and Herzegovina,,2020-08-02,1172.9373134328357
Bosnia and Herzegovina,,2020-08-03,1255.6702898550725
Bosnia and Herzegovina,,2020-08-04,1199.3333333333333
Belarus,,2020-08-01,1437.4609540636043
Belarus,,2020-08-02,1558.875
Belarus,,2020-08-03,1570.011320754717
Belarus,,2020-08-04,1611.5749324063345
Belize,,2020-08-01,351.5504258180188
Belize,,2020-08-02,358.1333333333333
Belize,,2020-08-03,363.01181525241674
Belize,,2020-08-04,395.0659649122807
Bermuda,,2020-08-01,181.61363636363637
Bermuda,,2020-08-02,193.15884476534296
Bermuda,,2020-08-03,213.58227848101265
Bermuda,,2020-08-04,217.74255319148935
Bolivia,,2020-08-01,393.62309542902966
Bolivia,,2020-08-02,396.82825484764544
Bolivia,,2020-08-03,361.64912280701753
Bolivia,,2020-08-04,395.3333333333333
Brazil,,2020-08-01,41008.0
Brazil,,2020-08-02,42839.086956521736
Brazil,,2020-08-03,42223.0
Brazil,,2020-08-04,40425.0
Barbados,,2020-08-01,196.7826086956522
Barbados,,2020-08-02,210.74296675191815
Barbados,,2020-08-03,200.37869822485206
Barbados,,2020-08-04,213.71676300578034
Brunei,,2020-08-01,175.0
Brunei,,2020-08-02,190.44845360824743
Brunei,,2020-08-03,193.15884476534296
Brunei,,2020-08-04,197.12048192771084
Bhutan,,2020-08-01,217.74255319148935
Bhutan,,2020-08-02,208.68333333333334
Bhutan,,2020-08-03,228.87281399046105
Bhutan,,2020-08-04,243.8987341772152
Botswana,,2020-08-01,339.3869918699187
Botswana,,2020-08-02,452.5079365079365
Botswana,,2020-08-03,460.3333333333333
Botswana,,2020-08-04,463.2281140570285
Central African Republic,,2020-08-01,243.8987341772152
Central African Republic,,2020-08-02,243.8987341772152
Central African Republic,,2020-08-03,213.1256038647343
Central African Republic,,2020-08-04,213.58227848101265
Canada,,2020-08-01,5075.207492795389
Canada,,2020-08-02,4762.803116147309
Canada,,2020-08-03,4578.526448362721
Canada,,2020-08-04,4456.578431372549
Switzerland,,2020-08-01,4344.0
Switzerland,,2020-08-02,5296.364928909953
Switzerland,,2020-08-03,3793.855118110236
Switzerland,,2020-08-04,3035.125
Chile,,2020-08-01,1406.6343669250646
Chile,,2020-08-02,1558.875
Chile,,2020-08-03,1497.016584402764
Chile,,2020-08-04,1558.875
China,,2020-08-01,279.427750410509
China,,2020-08-02,293.05183199285074
China,,2020-08-03,327.34122287968444
China,,2020-08-04,329.91107382550337
Cote d'Ivoire,,2020-08-01,309.9575518262586
Cote d'Ivoire,,2020-08-02,346.26423487544486
Cote d'Ivoire,,2020-08-03,329.91107382550337
Cote d'Ivoire,,2020-08-04,366.0233494363929
Cameroon,,2020-08-01,295.22991689750694
Cameroon,,2020-08-02,431.45172656800565
Cameroon,,2020-08-03,579.5454545454545
Cameroon,,2020-08-04,661.1839940164548
Democratic Republic of Congo,,2020-08-01,318.23595505617976
Democratic Republic of Congo,,2020-08-02,366.0233494363929
Democratic Republic of Congo,,2020-08-03,399.0625
Democratic Republic of Congo,,2020-08-04,412.78814382896013
Congo,,2020-08-01,200.84375
Congo,,2020-08-02,213.0057803468208
Congo,,2020-08-03,295.22991689750694
Congo,,2020-08-04,291.59562841530055
Colombia,,2020-08-01,7355.0
Colombia,,2020-08-02,7433.987369985141
Colombia,,2020-08-03,7419.8
Colombia,,2020-08-04,7571.1
Comoros,,2020-08-01,211.50259067357513
Comoros,,2020-08-02,214.5266742338252
Comoros,,2020-08-03,208.16981132075472
Comoros,,2020-08-04,280.7003367003367
Cape Verde,,2020-08-01,343.4033613445378
Cape Verde,,2020-08-02,383.0242214532872
Cape Verde,,2020-08-03,379.26
Cape Verde,,2020-08-04,400.1142857142857
Costa Rica,,2020-08-01,1437.0379746835442
Costa Rica,,2020-08-02,1466.4910714285713
Costa Rica,,2020-08-03,1215.857142857143
Costa Rica,,2020-08-04,920.7442922374429
Cuba,,2020-08-01,309.9575518262586
Cuba,,2020-08-02,333.9
Cuba,,2020-08-03,358.1333333333333
Cuba,,2020-08-04,366.10546875
Cyprus,,2020-08-01,407.27914481645826
Cyprus,,2020-08-02,452.5079365079365
Cyprus,,2020-08-03,437.6391402714932
Cyprus,,2020-08-04,461.46262507357267
Czech Republic,,2020-08-01,4014.903737259343
Czech Republic,,2020-08-02,3460.4761904761904
Czech Republic,,2020-08-03,3380.0
Czech Republic,,2020-08-04,2843.92039800995
Germany,,2020-08-01,25508.0
Germany,,2020-08-02,27114.0
Germany,,2020-08-03,25214.8
Germany,,2020-08-04,18878.621301775147
Djibouti,,2020-08-01,208.8
Djibouti,,2020-08-02,263.25690607734805
Djibouti,,2020-08-03,292.58125
Djibouti,,2020-08-04,279.427750410509
Dominica,,2020-08-01,172.7400468384075
Dominica,,2020-08-02,200.12034383954153
Dominica,,2020-08-03,197.12048192771084
Dominica,,2020-08-04,203.0
Denmark,,2020-08-01,1212.3143021914648
Denmark,,2020-08-02,1215.857142857143
Denmark,,2020-08-03,1250.4209245742093
Denmark,,2020-08-04,1215.857142857143
Dominican Republic,,2020-08-01,672.3453237410072
Dominican Republic,,2020-08-02,672.3453237410072
Dominican Republic,,2020-08-03,734.732421875
Dominican Republic,,2020-08-04,667.3235379691591
Algeria,,2020-08-01,1134.6666666666667
Algeria,,2020-08-02,1160.3471933471933
Algeria,,2020-08-03,1202.507658643326
Algeria,,2020-08-04,1253.4057142857143
Ecuador,,2020-08-01,951.9390862944163
Ecuador,,2020-08-02,936.4
Ecuador,,2020-08-03,902.855823160673
Ecuador,,2020-08-04,1044.2886597938145
Egypt,,2020-08-01,438.2102776137035
Egypt,,2020-08-02,452.5079365079365
Egypt,,2020-08-03,470.09090909090907
Egypt,,2020-08-04,461.3882235528942
Eritrea,,2020-08-01,187.32044198895028
Eritrea,,2020-08-02,213.0057803468208
Eritrea,,2020-08-03,197.12048192771084
Eritrea,,2020-08-04,213.1797385620915
Spain,,2020-08-01,16263.0
Spain,,2020-08-02,4873.75
Spain,,2020-08-03,6376.501280956448
Spain,,2020-08-04,15813.0
Estonia,,2020-08-01,438.2102776137035
Estonia,,2020-08-02,487.0844155844156
Estonia,,2020-08-03,483.4364864864865
Estonia,,2020-08-04,505.9808917197452
Ethiopia,,2020-08-01,497.9032738095238
Ethiopia,,2020-08-02,527.6875
Ethiopia,,2020-08-03,553.0981266726137
Ethiopia,,2020-08-04,541.374
Finland,,2020-08-01,483.4364864864865
Finland,,2020-08-02,461.46262507357267
Finland,,2020-08-03,492.6290739782721
Finland,,2020-08-04,498.10074441687345
Fiji,,2020-08-01,175.0
Fiji,,2020-08-02,190.52713178294573
Fiji,,2020-08-03,194.02
Fiji,,2020-08-04,200.12034383954153
France,,2020-08-01,28391.0
France,,2020-08-02,24601.0
France,,2020-08-03,27103.0
France,,2020-08-04,18921.0
Gabon,,2020-08-01,213.0057803468208
Gabon,,2020-08-02,196.7826086956522
Gabon,,2020-08-03,291.59562841530055
Gabon,,2020-08-04,245.94036697247705
United Kingdom,,2020-08-01,23705.0
United Kingdom,,2020-08-02,25793.0
United Kingdom,,2020-08-03,25337.0
United Kingdom,,2020-08-04,24248.0
United Kingdom,England,2020-08-01,10699.0
United Kingdom,England,2020-08-02,7757.680412371134
United Kingdom,England,2020-08-03,7622.0
United Kingdom,England,2020-08-04,4113.0
United Kingdom,Northern Ireland,2020-08-01,487.62614379084965
United Kingdom,Northern Ireland,2020-08-02,487.39941348973605
United Kingdom,Northern Ireland,2020-08-03,509.8559498956159
United Kingdom,Northern Ireland,2020-08-04,482.99360146252286
United Kingdom,Scotland,2020-08-01,1055.207614213198
United Kingdom,Scotland,2020-08-02,1017.625
United Kingdom,Scotland,2020-08-03,906.1965811965812
United Kingdom,Scotland,2020-08-04,634.0757575757576
United Kingdom,Wales,2020-08-01,849.1064516129032
United Kingdom,Wales,2020-08-02,837.5294117647059
United Kingdom,Wales,2020-08-03,633.8626974483597
United Kingdom,Wales,2020-08-04,568.4926215277778
Georgia,,2020-08-01,3727.5947265625
Georgia,,2020-08-02,3912.0
Georgia,,2020-08-03,4419.382044306258
Georgia,,2020-08-04,3679.4054266614235
Ghana,,2020-08-01,342.9581629443221
Ghana,,2020-08-02,438.2102776137035
Ghana,,2020-08-03,449.6478873239437
Ghana,,2020-08-04,516.5510204081633
Guinea,,2020-08-01,340.5849952516619
Guinea,,2020-08-02,345.95810640971933
Guinea,,2020-08-03,342.9581629443221
Guinea,,2020-08-04,383.0242214532872
Gambia,,2020-08-01,187.56140350877192
Gambia,,2020-08-02,238.05810147299508
Gambia,,2020-08-03,230.6
Gambia,,2020-08-04,214.5266742338252
Greece,,2020-08-01,2207.1772151898736
Greece,,2020-08-02,2085.5865384615386
Greece,,2020-08-03,1787.491503267974
Greece,,2020-08-04,1690.4684684684685
Greenland,,2020-08-01,175.0
Greenland,,2020-08-02,190.44845360824743
Greenland,,2020-08-03,203.0
Greenland,,2020-08-04,200.12034383954153
Guatemala,,2020-08-01,711.0972972972972
Guatemala,,2020-08-02,728.1146788990826
Guatemala,,2020-08-03,736.2565720294427
Guatemala,,2020-08-04,703.9069325735992
Guam,,2020-08-01,399.0625
Guam,,2020-08-02,424.72067307692305
Guam,,2020-08-03,367.6505248899424
Guam,,2020-08-04,429.74038461538464
Guyana,,2020-08-01,340.5849952516619
Guyana,,2020-08-02,363.01181525241674
Guyana,,2020-08-03,326.5700934579439
Guyana,,2020-08-04,397.5595823095823
Hong Kong,,2020-08-01,273.1111111111111
Hong Kong,,2020-08-02,297.06633165829146
Hong Kong,,2020-08-03,309.9575518262586
Hong Kong,,2020-08-04,343.4033613445378
Honduras,,2020-08-01,439.1334185848252
Honduras,,2020-08-02,485.6800959232614
Honduras,,2020-08-03,521.5629552549427
Honduras,,2020-08-04,757.3252336448598
Croatia,,2020-08-01,2729.312684365782
Croatia,,2020-08-02,2527.633333333333
Croatia,,2020-08-03,2255.909090909091
Croatia,,2020-08-04,2348.595613048369
Haiti,,2020-08-01,200.84375
Haiti,,2020-08-02,254.1929203539823
Haiti,,2020-08-03,293.05183199285074
Haiti,,2020-08-04,291.59562841530055
Hungary,,2020-08-01,3612.0081967213114
Hungary,,2020-08-02,3612.0081967213114
Hungary,,2020-08-03,3306.0642504118614
Hungary,,2020-08-04,3499.104278074866
Indonesia,,2020-08-01,3994.9032258064517
Indonesia,,2020-08-02,4203.021739130435
Indonesia,,2020-08-03,4248.4
Indonesia,,2020-08-04,4223.534403669725
India,,2020-08-01,52048.0
India,,2020-08-02,55993.0
India,,2020-08-03,52123.0
India,,2020-08-04,51147.0
Ireland,,2020-08-01,451.0333041191937
Ireland,,2020-08-02,477.76291130965353
Ireland,,2020-08-03,481.3890768487192
Ireland,,2020-08-04,487.0844155844156
Iran,,2020-08-01,8424.666666666666
Iran,,2020-08-02,14522.1
Iran,,2020-08-03,15018.333333333334
Iran,,2020-08-04,12400.737903225807
Iraq,,2020-08-01,1778.4469696969697
Iraq,,2020-08-02,1744.2295514511873
Iraq,,2020-08-03,1678.5689655172414
Iraq,,2020-08-04,1664.142857142857
Iceland,,2020-08-01,297.06633165829146
Iceland,,2020-08-02,293.048309178744
Iceland,,2020-08-03,335.0
Iceland,,2020-08-04,340.5849952516619
Israel,,2020-08-01,734.732421875
Israel,,2020-08-02,967.5409836065573
Israel,,2020-08-03,700.9027921406412
Israel,,2020-08-04,880.4046953605366
Italy,,2020-08-01,43880.0
Italy,,2020-08-02,44571.0
Italy,,2020-08-03,45048.0
Italy,,2020-08-04,46860.0
Jamaica,,2020-08-01,343.4033613445378
Jamaica,,2020-08-02,380.05965909090907
Jamaica,,2020-08-03,393.48984272608124
Jamaica,,2020-08-04,363.3578302712161
Jordan,,2020-08-01,5768.0109375
Jordan,,2020-08-02,5203.506912442396
Jordan,,2020-08-03,4472.900240384615
Jordan,,2020-08-04,3738.181818181818
Japan,,2020-08-01,1849.471766848816
Japan,,2020-08-02,2191.8072289156626
Japan,,2020-08-03,1901.543984962406
Japan,,2020-08-04,1909.8253633874026
Kazakhstan,,2020-08-01,965.7578397212543
Kazakhstan,,2020-08-02,1033.3720930232557
Kazakhstan,,2020-08-03,1064.0934579439252
Kazakhstan,,2020-08-04,991.2836676217765
Kenya,,2020-08-01,966.0879590093937
Kenya,,2020-08-02,1222.7422939068101
Kenya,,2020-08-03,1191.9001148105626
Kenya,,2020-08-04,1320.5124378109454
Kyrgyz Republic,,2020-08-01,505.2260155574762
Kyrgyz Republic,,2020-08-02,522.4846805736636
Kyrgyz Republic,,2020-08-03,513.6960214573089
Kyrgyz Republic,,2020-08-04,512.6508302583026
Cambodia,,2020-08-01,175.0
Cambodia,,2020-08-02,190.52713178294573
Cambodia,,2020-08-03,210.74296675191815
Cambodia,,2020-08-04,221.2603021978022
South Korea,,2020-08-01,440.75
South Korea,,2020-08-02,457.35806074766356
South Korea,,2020-08-03,494.85621621621624
South Korea,,2020-08-04,489.4761904761905
Kuwait,,2020-08-01,547.2107883817428
Kuwait,,2020-08-02,562.6751152073733
Kuwait,,2020-08-03,578.4150326797386
Kuwait,,2020-08-04,560.911131898971
Laos,,2020-08-01,181.61363636363637
Laos,,2020-08-02,187.56140350877192
Laos,,2020-08-03,191.92090395480227
Laos,,2020-08-04,197.12048192771084
Lebanon,,2020-08-01,1535.2413793103449
Lebanon,,2020-08-02,1417.9252747252747
Lebanon,,2020-08-03,1468.016393442623
Lebanon,,2020-08-04,1478.9318181818182
Liberia,,2020-08-01,221.2603021978022
Liberia,,2020-08-02,263.75471698113205
Liberia,,2020-08-03,263.9731543624161
Liberia,,2020-08-04,263.25690607734805
Libya,,2020-08-01,670.8611111111111
Libya,,2020-08-02,738.4974271012007
Libya,,2020-08-03,757.9501677048395
Libya,,2020-08-04,640.5904486251809
Sri Lanka,,2020-08-01,483.4364864864865
Sri Lanka,,2020-08-02,503.2490366088632
Sri Lanka,,2020-08-03,493.76817737202475
Sri Lanka,,2020-08-04,521.0382099827883
Lesotho,,2020-08-01,190.15168539325842
Lesotho,,2020-08-02,187.56140350877192
Lesotho,,2020-08-03,208.68333333333334
Lesotho,,2020-08-04,223.91666666666666
Lithuania,,2020-08-01,1768.9919162470183
Lithuania,,2020-08-02,1725.1510710259302
Lithuania,,2020-08-03,1744.2295514511873
Lithuania,,2020-08-04,1673.8011424491253
Luxembourg,,2020-08-01,598.100632720699
Luxembourg,,2020-08-02,799.5752040419743
Luxembourg,,2020-08-03,733.8483015355979
Luxembourg,,2020-08-04,637.6776859504132
Latvia,,2020-08-01,476.10759219088936
Latvia,,2020-08-02,489.7547764793174
Latvia,,2020-08-03,513.96
Latvia,,2020-08-04,590.4570013507429
Macao,,2020-08-01,175.0
Macao,,2020-08-02,190.44845360824743
Macao,,2020-08-03,193.15884476534296
Macao,,2020-08-04,197.12048192771084
Morocco,,2020-08-01,4312.818181818182
Morocco,,2020-08-02,3994.9032258064517
Morocco,,2020-08-03,3418.8875
Morocco,,2020-08-04,3568.3888888888887
Moldova,,2020-08-01,1350.4830508474577
Moldova,,2020-08-02,1417.9252747252747
Moldova,,2020-08-03,1643.6465280502157
Moldova,,2020-08-04,1561.3857142857144
Madagascar,,2020-08-01,174.32041343669252
Madagascar,,2020-08-02,187.56140350877192
Madagascar,,2020-08-03,214.5266742338252
Madagascar,,2020-08-04,216.09677419354838
Mexico,,2020-08-01,5566.693877551021
Mexico,,2020-08-02,4820.260869565217
Mexico,,2020-08-03,6056.882352941177
Mexico,,2020-08-04,7955.732484076433
Mali,,2020-08-01,331.279098873592
Mali,,2020-08-02,357.89788053949906
Mali,,2020-08-03,297.0952380952381
Mali,,2020-08-04,404.97297297297297
Myanmar,,2020-08-01,1435.0263157894738
Myanmar,,2020-08-02,1474.8083750568958
Myanmar,,2020-08-03,1523.221237268955
Myanmar,,2020-08-04,1636.8257575757575
Mongolia,,2020-08-01,266.12988826815644
Mongolia,,2020-08-02,279.427750410509
Mongolia,,2020-08-03,298.32598714416895
Mongolia,,2020-08-04,349.006179992275
Mozambique,,2020-08-01,331.4125
Mozambique,,2020-08-02,383.0242214532872
Mozambique,,2020-08-03,400.1142857142857
Mozambique,,2020-08-04,410.3460653474459
Mauritania,,2020-08-01,206.0
Mauritania,,2020-08-02,238.05810147299508
Mauritania,,2020-08-03,228.95882352941177
Mauritania,,2020-08-04,340.5849952516619
Mauritius,,2020-08-01,187.32044198895028
Mauritius,,2020-08-02,217.74255319148935
Mauritius,,2020-08-03,214.5266742338252
Mauritius,,2020-08-04,279.7242105263158
Malawi,,2020-08-01,228.87281399046105
Malawi,,2020-08-02,242.86405723905725
Malawi,,2020-08-03,275.1290322580645
Malawi,,2020-08-04,298.719836400818
Malaysia,,2020-08-01,1142.9218632607062
Malaysia,,2020-08-02,1294.9372069658407
Malaysia,,2020-08-03,1222.7422939068101
Malaysia,,2020-08-04,1419.7449287872248
Namibia,,2020-08-01,340.661180248896
Namibia,,2020-08-02,378.69611307420496
Namibia,,2020-08-03,394.1087169441724
Namibia,,2020-08-04,402.4277673545966
Niger,,2020-08-01,265.9029850746269
Niger,,2020-08-02,256.0
Niger,,2020-08-03,295.040490797546
Niger,,2020-08-04,330.64998536728126
Nigeria,,2020-08-01,407.9710306406685
Nigeria,,2020-08-02,429.3285052143685
Nigeria,,2020-08-03,431.45172656800565
Nigeria,,2020-08-04,429.74038461538464
Nicaragua,,2020-08-01,179.97297297297297
Nicaragua,,2020-08-02,200.12034383954153
Nicaragua,,2020-08-03,210.74296675191815
Nicaragua,,2020-08-04,213.1797385620915
Netherlands,,2020-08-01,4313.253926701571
Netherlands,,2020-08-02,4131.568181818182
Netherlands,,2020-08-03,3701.3970588235293
Netherlands,,2020-08-04,3745.25641025641
Norway,,2020-08-01,767.4459745762712
Norway,,2020-08-02,887.3574007220217
Norway,,2020-08-03,798.0337711069418
Norway,,2020-08-04,649.3005780346821
Nepal,,2020-08-01,1485.0957484816006
Nepal,,2020-08-02,1521.3678707224335
Nepal,,2020-08-03,1435.0263157894738
Nepal,,2020-08-04,1443.056338028169
New Zealand,,2020-08-01,229.79013062409288
New Zealand,,2020-08-02,214.5266742338252
New Zealand,,2020-08-03,254.1929203539823
New Zealand,,2020-08-04,293.05183199285074
Oman,,2020-08-01,403.4594594594595
Oman,,2020-08-02,419.44444444444446
Oman,,2020-08-03,492.6290739782721
Oman,,2020-08-04,486.79675810473816
Pakistan,,2020-08-01,2383.777911164466
Pakistan,,2020-08-02,2475.8368601917164
Pakistan,,2020-08-03,2384.159174649963
Pakistan,,2020-08-04,2365.26306465899
Panama,,2020-08-01,1208.4368600682594
Panama,,2020-08-02,1419.7449287872248
Panama,,2020-08-03,1441.4494577006508
Panama,,2020-08-04,1474.8083750568958
Peru,,2020-08-01,1636.8257575757575
Peru,,2020-08-02,1620.71758135017
Peru,,2020-08-03,1497.016584402764
Peru,,2020-08-04,1505.92
Philippines,,2020-08-01,1435.0263157894738
Philippines,,2020-08-02,1437.0379746835442
Philippines,,2020-08-03,1561.3519206939282
Philippines,,2020-08-04,1486.7685950413222
Papua New Guinea,,2020-08-01,179.97297297297297
Papua New Guinea,,2020-08-02,190.44845360824743
Papua New Guinea,,2020-08-03,230.6
Papua New Guinea,,2020-08-04,208.68333333333334
Poland,,2020-08-01,24147.0
Poland,,2020-08-02,26417.0
Poland,,2020-08-03,26417.0
Poland,,2020-08-04,27114.0
Puerto Rico,,2020-08-01,741.0714285714286
Puerto Rico,,2020-08-02,806.497512437811
Puerto Rico,,2020-08-03,1340.2228260869565
Puerto Rico,,2020-08-04,1204.6311475409836
Portugal,,2020-08-01,4905.555555555556
Portugal,,2020-08-02,5607.0
Portugal,,2020-08-03,5974.0
Portugal,,2020-08-04,5853.981481481482
Paraguay,,2020-08-01,905.552
Paraguay,,2020-08-02,723.3585858585859
Paraguay,,2020-08-03,735.9987253027406
Paraguay,,2020-08-04,775.7361111111111
Palestine,,2020-08-01,1451.844589409056
Palestine,,2020-08-02,1466.4910714285713
Palestine,,2020-08-03,1612.8761904761905
Palestine,,2020-08-04,1570.0994152046783
Qatar,,2020-08-01,415.31164807930605
Qatar,,2020-08-02,383.5139664804469
Qatar,,2020-08-03,402.4277673545966
Qatar,,2020-08-04,411.29213483146066
Kosovo,,2020-08-01,965.7578397212543
Kosovo,,2020-08-02,1083.2272727272727
Kosovo,,2020-08-03,918.1071428571429
Kosovo,,2020-08-04,912.0250240615977
Romania,,2020-08-01,9287.027322404372
Romania,,2020-08-02,10573.0
Romania,,2020-08-03,10481.0
Romania,,2020-08-04,8134.465240641711
Russia,,2020-08-01,27230.555555555555
Russia,,2020-08-02,29778.090909090908
Russia,,2020-08-03,30148.0
Russia,,2020-08-04,30174.864938608458
Rwanda,,2020-08-01,310.8348148148148
Rwanda,,2020-08-02,357.89788053949906
Rwanda,,2020-08-03,383.0242214532872
Rwanda,,2020-08-04,392.78688524590166
Saudi Arabia,,2020-08-01,449.6478873239437
Saudi Arabia,,2020-08-02,471.2681451612903
Saudi Arabia,,2020-08-03,476.87615283267456
Saudi Arabia,,2020-08-04,483.4364864864865
Sudan,,2020-08-01,366.10546875
Sudan,,2020-08-02,457.35806074766356
Sudan,,2020-08-03,509.6111111111111
Sudan,,2020-08-04,675.785536159601
Senegal,,2020-08-01,293.46088794926004
Senegal,,2020-08-02,297.50837988826817
Senegal,,2020-08-03,302.3577235772358
Senegal,,2020-08-04,327.34122287968444
Singapore,,2020-08-01,246.29378531073445
Singapore,,2020-08-02,286.25
Singapore,,2020-08-03,295.8918918918919
Singapore,,2020-08-04,312.6
Solomon Islands,,2020-08-01,178.98540145985402
Solomon Islands,,2020-08-02,190.52713178294573
Solomon Islands,,2020-08-03,194.02
Solomon Islands,,2020-08-04,200.12034383954153
Sierra Leone,,2020-08-01,217.74255319148935
Sierra Leone,,2020-08-02,206.68163265306123
Sierra Leone,,2020-08-03,196.7826086956522
Sierra Leone,,2020-08-04,238.03954802259886
El Salvador,,2020-08-01,511.5109489051095
El Salvador,,2020-08-02,448.75
El Salvador,,2020-08-03,634.9404255319149
El Salvador,,2020-08-04,548.6197818728846
San Marino,,2020-08-01,213.58227848101265
San Marino,,2020-08-02,238.05810147299508
San Marino,,2020-08-03,298.4912099276112
San Marino,,2020-08-04,244.27777777777777
Somalia,,2020-08-01,190.44845360824743
Somalia,,2020-08-02,194.02
Somalia,,2020-08-03,273.31190476190477
Somalia,,2020-08-04,221.2603021978022
Serbia,,2020-08-01,6151.714285714285
Serbia,,2020-08-02,7419.692307692308
Serbia,,2020-08-03,7459.746666666667
Serbia,,2020-08-04,6412.592448639644
South Sudan,,2020-08-01,223.91666666666666
South Sudan,,2020-08-02,213.1256038647343
South Sudan,,2020-08-03,265.9029850746269
South Sudan,,2020-08-04,273.1111111111111
Suriname,,2020-08-01,238.05810147299508
Suriname,,2020-08-02,213.1797385620915
Suriname,,2020-08-03,248.8
Suriname,,2020-08-04,295.7278481012658
Slovak Republic,,2020-08-01,1378.4758777469058
Slovak Republic,,2020-08-02,1560.2747138397503
Slovak Republic,,2020-08-03,1533.312026002167
Slovak Republic,,2020-08-04,1460.4405829596412
Slovenia,,2020-08-01,1420.918083462133
Slovenia,,2020-08-02,1430.4125
Slovenia,,2020-08-03,1435.0263157894738
Slovenia,,2020-08-04,1523.221237268955
Sweden,,2020-08-01,3579.126201923077
Sweden,,2020-08-02,2905.3076923076924
Sweden,,2020-08-03,2403.4727272727273
Sweden,,2020-08-04,1157.157768924303
Eswatini,,2020-08-01,293.46088794926004
Eswatini,,2020-08-02,293.05183199285074
Eswatini,,2020-08-03,318.23595505617976
Eswatini,,2020-08-04,349.006179992275
Seychelles,,2020-08-01,174.8148148148148
Seychelles,,2020-08-02,190.52713178294573
Seychelles,,2020-08-03,193.15884476534296
Seychelles,,2020-08-04,229.79013062409288
Syria,,2020-08-01,367.24313725490197
Syria,,2020-08-02,394.7931034482759
Syria,,2020-08-03,400.3333333333333
Syria,,2020-08-04,437.6391402714932
Chad,,2020-08-01,238.05810147299508
Chad,,2020-08-02,254.1929203539823
Chad,,2020-08-03,293.05183199285074
Chad,,2020-08-04,297.06633165829146
Togo,,2020-08-01,297.7310924369748
Togo,,2020-08-02,320.7285382830626
Togo,,2020-08-03,340.5849952516619
Togo,,2020-08-04,367.20931802835923
Thailand,,2020-08-01,251.12084063047286
Thailand,,2020-08-02,243.8987341772152
Thailand,,2020-08-03,292.58125
Thailand,,2020-08-04,298.719836400818
Tajikistan,,2020-08-01,331.279098873592
Tajikistan,,2020-08-02,361.64912280701753
Tajikistan,,2020-08-03,380.05965909090907
Tajikistan,,2020-08-04,399.20353982300884
Turkmenistan,,2020-08-01,175.0
Turkmenistan,,2020-08-02,190.44845360824743
Turkmenistan,,2020-08-03,193.15884476534296
Turkmenistan,,2020-08-04,197.12048192771084
Timor-Leste,,2020-08-01,175.0
Timor-Leste,,2020-08-02,187.56140350877192
Timor-Leste,,2020-08-03,193.15884476534296
Timor-Leste,,2020-08-04,197.12048192771084
Trinidad and Tobago,,2020-08-01,323.6007866273353
Trinidad and Tobago,,2020-08-02,298.32598714416895
Trinidad and Tobago,,2020-08-03,346.95772357723575
Trinidad and Tobago,,2020-08-04,394.91525423728814
Tunisia,,2020-08-01,1234.764705882353
Tunisia,,2020-08-02,1269.418181818182
Tunisia,,2020-08-03,1358.9042294603792
Tunisia,,2020-08-04,1764.9015748031495
Turkey,,2020-08-01,5929.444444444444
Turkey,,2020-08-02,6129.139360978926
Turkey,,2020-08-03,6195.416666666667
Turkey,,2020-08-04,6276.976116303219
Taiwan,,2020-08-01,175.0
Taiwan,,2020-08-02,190.44845360824743
Taiwan,,2020-08-03,193.15884476534296
Taiwan,,2020-08-04,197.12048192771084
Tanzania,,2020-08-01,175.0
Tanzania,,2020-08-02,190.44845360824743
Tanzania,,2020-08-03,193.15884476534296
Tanzania,,2020-08-04,197.12048192771084
Uganda,,2020-08-01,382.6100278551532
Uganda,,2020-08-02,467.35822147651004
Uganda,,2020-08-03,453.45714285714286
Uganda,,2020-08-04,487.0517746662325
Ukraine,,2020-08-01,11626.0
Ukraine,,2020-08-02,18695.0
Ukraine,,2020-08-03,21704.0
Ukraine,,2020-08-04,8623.333333333334
Uruguay,,2020-08-01,383.0242214532872
Uruguay,,2020-08-02,397.5595823095823
Uruguay,,2020-08-03,436.5229007633588
Uruguay,,2020-08-04,467.35822147651004
United States,,2020-08-01,68848.0
United States,,2020-08-02,72048.0
United States,,2020-08-03,72048.0
United States,,2020-08-04,68848.0
United States,Alaska,2020-08-01,537.7404637247569
United States,Alaska,2020-08-02,561.542741527567
United States,Alaska,2020-08-03,715.3630406290956
United States,Alaska,2020-08-04,640.4886363636364
United States,Alabama,2020-08-01,1854.7531914893616
United States,Alabama,2020-08-02,1729.2483108108108
United States,Alabama,2020-08-03,1759.421052631579
United States,Alabama,2020-08-04,1744.2295514511873
United States,Arkansas,2020-08-01,1486.7685950413222
United States,Arkansas,2020-08-02,1398.1082802547771
United States,Arkansas,2020-08-03,1724.7342792647532
United States,Arkansas,2020-08-04,1435.0263157894738
United States,Arizona,2020-08-01,3275.0
United States,Arizona,2020-08-02,3449.0
United States,Arizona,2020-08-03,3148.1363636363635
United States,Arizona,2020-08-04,2860.2258064516127
United States,California,2020-08-01,11834.924914675768
United States,California,2020-08-02,11803.5
United States,California,2020-08-03,12478.0
United States,California,2020-08-04,9821.0
United States,Colorado,2020-08-01,4579.957317073171
United States,Colorado,2020-08-02,4061.2
United States,Colorado,2020-08-03,4275.71339563863
United States,Colorado,2020-08-04,3276.537931034483
United States,Connecticut,2020-08-01,2207.5208333333335
United States,Connecticut,2020-08-02,1773.0
United States,Connecticut,2020-08-03,1431.8333333333333
United States,Connecticut,2020-08-04,1056.4893617021276
United States,Washington DC,2020-08-01,391.77957589285717
United States,Washington DC,2020-08-02,400.3333333333333
United States,Washington DC,2020-08-03,424.9239574816026
United States,Washington DC,2020-08-04,437.03816046966733
United States,Delaware,2020-08-01,549.641975308642
United States,Delaware,2020-08-02,637.3982179575052
United States,Delaware,2020-08-03,595.3012820512821
United States,Delaware,2020-08-04,539.156626506024
United States,Florida,2020-08-01,9247.202898550724
United States,Florida,2020-08-02,9162.05
United States,Florida,2020-08-03,8309.387755102041
United States,Florida,2020-08-04,7937.862944162436
United States,Georgia,2020-08-01,3036.6388888888887
United States,Georgia,2020-08-02,2403.4727272727273
United States,Georgia,2020-08-03,2809.0
United States,Georgia,2020-08-04,1929.8266357845976
United States,Hawaii,2020-08-01,295.040490797546
United States,Hawaii,2020-08-02,386.1063364894392
United States,Hawaii,2020-08-03,407.27914481645826
United States,Hawaii,2020-08-04,407.27914481645826
United States,Iowa,2020-08-01,3064.027006751688
United States,Iowa,2020-08-02,2716.120481927711
United States,Iowa,2020-08-03,2503.745672436751
United States,Iowa,2020-08-04,2093.785714285714
United States,Idaho,2020-08-01,1486.7685950413222
United States,Idaho,2020-08-02,1439.0236669518106
United States,Idaho,2020-08-03,1450.4907407407406
United States,Idaho,2020-08-04,1270.1734506784012
United States,Illinois,2020-08-01,11704.622222222222
United States,Illinois,2020-08-02,11839.125
United States,Illinois,2020-08-03,11084.333333333334
United States,Illinois,2020-08-04,9197.943760984183
United States,Indiana,2020-08-01,5889.708333333333
United States,Indiana,2020-08-02,6276.0
United States,Indiana,2020-08-03,5610.904109589041
United States,Indiana,2020-08-04,5231.957796014068
United States,Kansas,2020-08-01,1644.0
United States,Kansas,2020-08-02,2250.3809523809523
United States,Kansas,2020-08-03,2132.8488372093025
United States,Kansas,2020-08-04,1171.048347613219
United States,Kentucky,2020-08-01,2649.5
United States,Kentucky,2020-08-02,2123.1085582998276
United States,Kentucky,2020-08-03,2351.8191066309073
United States,Kentucky,2020-08-04,1832.853708323883
United States,Louisiana,2020-08-01,1922.7792207792209
United States,Louisiana,2020-08-02,2604.407079646018
United States,Louisiana,2020-08-03,1234.656540084388
United States,Louisiana,2020-08-04,1654.1842105263158
United States,Massachusetts,2020-08-01,2207.1772151898736
United States,Massachusetts,2020-08-02,1978.2153008769278
United States,Massachusetts,2020-08-03,2236.0
United States,Massachusetts,2020-08-04,1889.2276119402984
United States,Maryland,2020-08-01,2162.3533852323662
United States,Maryland,2020-08-02,1934.3111467522053
United States,Maryland,2020-08-03,2207.5208333333335
United States,Maryland,2020-08-04,1804.3909090909092
United States,Maine,2020-08-01,404.05576739752144
United States,Maine,2020-08-02,418.11009174311926
United States,Maine,2020-08-03,423.9674796747967
United States,Maine,2020-08-04,442.119926199262
United States,Michigan,2020-08-01,9287.027322404372
United States,Michigan,2020-08-02,7849.199115044248
United States,Michigan,2020-08-03,7261.0
United States,Michigan,2020-08-04,3844.0246913580245
United States,Minnesota,2020-08-01,5800.772241992882
United States,Minnesota,2020-08-02,6260.823529411765
United States,Minnesota,2020-08-03,7056.897435897436
United States,Minnesota,2020-08-04,6400.28125
United States,Missouri,2020-08-01,3489.6673076923075
United States,Missouri,2020-08-02,3664.616666666667
United States,Missouri,2020-08-03,3655.112244897959
United States,Missouri,2020-08-04,3032.258333333333
United States,Mississippi,2020-08-01,1417.9252747252747
United States,Mississippi,2020-08-02,1383.9178082191781
United States,Mississippi,2020-08-03,1657.6089108910892
United States,Mississippi,2020-08-04,1208.2146118721462
United States,Montana,2020-08-01,1137.2384105960266
United States,Montana,2020-08-02,1270.1734506784012
United States,Montana,2020-08-03,1647.1601272534465
United States,Montana,2020-08-04,1328.015781922525
United States,North Carolina,2020-08-01,3230.7475421348313
United States,North Carolina,2020-08-02,3055.693544271498
United States,North Carolina,2020-08-03,2807.4527131782947
United States,North Carolina,2020-08-04,2450.714918385423
United States,North Dakota,2020-08-01,1283.125
United States,North Dakota,2020-08-02,1302.2609939220592
United States,North Dakota,2020-08-03,1437.0379746835442
United States,North Dakota,2020-08-04,1236.1759656652362
United States,Nebraska,2020-08-01,1877.8504847564536
United States,Nebraska,2020-08-02,1673.8011424491253
United States,Nebraska,2020-08-03,1647.1601272534465
United States,Nebraska,2020-08-04,1443.056338028169
United States,New Hampshire,2020-08-01,521.7498358502954
United States,New Hampshire,2020-08-02,539.156626506024
United States,New Hampshire,2020-08-03,574.6583850931677
United States,New Hampshire,2020-08-04,533.6701030927835
United States,New Jersey,2020-08-01,3745.25641025641
United States,New Jersey,2020-08-02,3381.3270735524256
United States,New Jersey,2020-08-03,3745.25641025641
United States,New Jersey,2020-08-04,3111.0
United States,New Mexico,2020-08-01,2088.4631994427677
United States,New Mexico,2020-08-02,1877.8504847564536
United States,New Mexico,2020-08-03,2003.284046692607
United States,New Mexico,2020-08-04,1816.2610441767067
United States,Nevada,2020-08-01,1762.7348079161816
United States,Nevada,2020-08-02,1696.6336939721793
United States,Nevada,2020-08-03,2053.9321333009
United States,Nevada,2020-08-04,1735.2637960900768
United States,New York,2020-08-01,4658.939481268011
United States,New York,2020-08-02,4533.548387096775
United States,New York,2020-08-03,4622.161936560935
United States,New York,2020-08-04,3924.7117468573906
United States,Ohio,2020-08-01,9515.594827586207
United States,Ohio,2020-08-02,9000.058823529413
United States,Ohio,2020-08-03,9415.4375
United States,Ohio,2020-08-04,9247.202898550724
United States,Oklahoma,2020-08-01,3231.705604719764
United States,Oklahoma,2020-08-02,2644.9070121951218
United States,Oklahoma,2020-08-03,3091.0
United States,Oklahoma,2020-08-04,2550.850909090909
United States,Oregon,2020-08-01,1060.7115384615386
United States,Oregon,2020-08-02,1250.4209245742093
United States,Oregon,2020-08-03,1561.3857142857144
United States,Oregon,2020-08-04,1402.2289669861555
United States,Pennsylvania,2020-08-01,7032.0
United States,Pennsylvania,2020-08-02,5758.208754208754
United States,Pennsylvania,2020-08-03,5587.49723756906
United States,Pennsylvania,2020-08-04,5727.2
United States,Rhode Island,2020-08-01,1257.768115942029
United States,Rhode Island,2020-08-02,910.6116625310174
United States,Rhode Island,2020-08-03,822.9754601226994
United States,Rhode Island,2020-08-04,748.7885714285715
United States,South Carolina,2020-08-01,1611.5749324063345
United States,South Carolina,2020-08-02,1466.4910714285713
United States,South Carolina,2020-08-03,1623.984198645598
United States,South Carolina,2020-08-04,1466.0714285714287
United States,South Dakota,2020-08-01,1376.7714285714285
United States,South Dakota,2020-08-02,1195.6141325922986
United States,South Dakota,2020-08-03,1379.6029246344208
United States,South Dakota,2020-08-04,1142.7775157232704
United States,Tennessee,2020-08-01,3356.07371007371
United States,Tennessee,2020-08-02,3262.246575342466
United States,Tennessee,2020-08-03,3594.7926829268295
United States,Tennessee,2020-08-04,3174.491395793499
United States,Texas,2020-08-01,10628.6875
United States,Texas,2020-08-02,10114.7
United States,Texas,2020-08-03,9648.076923076924
United States,Texas,2020-08-04,8170.0
United States,Utah,2020-08-01,2927.3571428571427
United States,Utah,2020-08-02,3101.676646706587
United States,Utah,2020-08-03,2709.346153846154
United States,Utah,2020-08-04,2352.549465240642
United States,Virginia,2020-08-01,1952.95
United States,Virginia,2020-08-02,1787.491503267974
United States,Virginia,2020-08-03,2081.200980392157
United States,Virginia,2020-08-04,1777.0
United States,Virgin Islands,2020-08-01,187.32044198895028
United States,Virgin Islands,2020-08-02,200.12034383954153
United States,Virgin Islands,2020-08-03,256.0
United States,Virgin Islands,2020-08-04,302.3577235772358
United States,Vermont,2020-08-01,379.3809523809524
United States,Vermont,2020-08-02,412.78814382896013
United States,Vermont,2020-08-03,449.6478873239437
United States,Vermont,2020-08-04,482.38124054462935
United States,Washington,2020-08-01,2615.0
United States,Washington,2020-08-02,1708.7732409770324
United States,Washington,2020-08-03,2576.9484536082473
United States,Washington,2020-08-04,1703.606334841629
United States,Wisconsin,2020-08-01,6372.868965517241
United States,Wisconsin,2020-08-02,6505.959183673469
United States,Wisconsin,2020-08-03,5601.4
United States,Wisconsin,2020-08-04,4312.925
United States,West Virginia,2020-08-01,988.2491085073866
United States,West Virginia,2020-08-02,982.1448275862069
United States,West Virginia,2020-08-03,1122.8863636363637
United States,West Virginia,2020-08-04,1038.888888888889
United States,Wyoming,2020-08-01,955.7647058823529
United States,Wyoming,2020-08-02,817.7965811965812
United States,Wyoming,2020-08-03,768.6483985765125
United States,Wyoming,2020-08-04,903.4691075514875
Uzbekistan,,2020-08-01,394.91525423728814
Uzbekistan,,2020-08-02,404.05576739752144
Uzbekistan,,2020-08-03,419.44444444444446
Uzbekistan,,2020-08-04,451.0333041191937
Venezuela,,2020-08-01,481.3890768487192
Venezuela,,2020-08-02,532.0257460503218
Venezuela,,2020-08-03,549.641975308642
Venezuela,,2020-08-04,585.7953044754219
United States Virgin Islands,,2020-08-01,266.4797794117647
United States Virgin Islands,,2020-08-02,217.74255319148935
United States Virgin Islands,,2020-08-03,200.84375
United States Virgin Islands,,2020-08-04,297.7310924369748
Vietnam,,2020-08-01,263.25690607734805
Vietnam,,2020-08-02,295.22991689750694
Vietnam,,2020-08-03,293.46088794926004
Vietnam,,2020-08-04,302.86128364389236
Vanuatu,,2020-08-01,175.0
Vanuatu,,2020-08-02,190.44845360824743
Vanuatu,,2020-08-03,193.15884476534296
Vanuatu,,2020-08-04,197.12048192771084
Yemen,,2020-08-01,187.32044198895028
Yemen,,2020-08-02,187.32044198895028
Yemen,,2020-08-03,200.84375
Yemen,,2020-08-04,211.50259067357513
South Africa,,2020-08-01,2229.0885780885783
South Africa,,2020-08-02,2053.9321333009
South Africa,,2020-08-03,2123.1085582998276
South Africa,,2020-08-04,2043.4161073825503
Zambia,,2020-08-01,293.46088794926004
Zambia,,2020-08-02,327.34122287968444
Zambia,,2020-08-03,367.20931802835923
Zambia,,2020-08-04,380.05965909090907
Zimbabwe,,2020-08-01,330.64998536728126
Zimbabwe,,2020-08-02,268.6650717703349
Zimbabwe,,2020-08-03,380.05965909090907
Zimbabwe,,2020-08-04,404.05576739752144
